{
  "days": 5,
  "hoursPerDay": 7,
  "daysPerWeek": 5,
  "break": 4,
  "teachers": [
    {
      "name": "O.N.Singh",
      "subject": "AP-1101"
    },
    {
      "name": "K.P.Sinha",
      "subject": "AP-1101"
    },
    {
      "name": "KumarUtkarsh",
      "subject": "AM-1101"
    },
    {
      "name": "A.Gupta",
      "subject": "AM-1101"
    },
    {
      "name": "AKT",
      "subject": "AC-1101"
    },
    {
      "name": "MAJ",
      "subject": "AC-1101"
    },
    {
      "name": "Pandey",
      "subject": "PC-1101"
    },
    {
      "name": "Dixit",
      "subject": "PC-1101"
    },
    {
      "name": "Tyagi",
      "subject": "EVS-1101"
    },
    {
      "name": "Ekta",
      "subject": "EVS-1101"
    },
    {
      "name": "SKS",
      "subject": "ME-1111"
    },
    {
      "name": "F.Alam",
      "subject": "ME-1111"
    }
  ],
  "batches": [
    {
      "name": "CSE(Ist-Year)",
      "subjects": [
        {
          "name": "AC-1101",
          "time": 5
        },
        {
          "name": "ME-1111",
          "time": 7
        },
        {
          "name": "EVS-1101",
          "time": 7
        },
        {
          "name": "AM-1101",
          "time": 3
        },
        {
          "name": "PC-1101",
          "time": 5
        }
      ]
    },
    {
      "name": "ECE(Ist-Year)",
      "subjects": [
        {
          "name": "AP-1101",
          "time": 7
        },
        {
          "name": "ME-1111",
          "time": 4
        },
        {
          "name": "EVS-1101",
          "time": 3
        },
        {
          "name": "AM-1101",
          "time": 8
        },
        {
          "name": "PC-1101",
          "time": 6
        }
      ]
    },
    {
      "name": "ECL(Ist-Year)",
      "subjects": [
        {
          "name": "AP-1101",
          "time": 5
        },
        {
          "name": "AC-1101",
          "time": 6
        },
        {
          "name": "ME-1111",
          "time": 4
        },
        {
          "name": "AM-1101",
          "time": 5
        },
        {
          "name": "PC-1101",
          "time": 5
        }
      ]
    },
    {
      "name": "CIVIL(Ist-Year)",
      "subjects": [
        {
          "name": "AP-1101",
          "time": 5
        },
        {
          "name": "AC-1101",
          "time": 8
        },
        {
          "name": "ME-1111",
          "time": 6
        },
        {
          "name": "EVS-1101",
          "time": 3
        },
        {
          "name": "PC-1101",
          "time": 5
        }
      ]
    },
    {
      "name": "META(Ist-Year)",
      "subjects": [
        {
          "name": "AP-1101",
          "time": 8
        },
        {
          "name": "AC-1101",
          "time": 4
        },
        {
          "name": "ME-1111",
          "time": 3
        },
        {
          "name": "EVS-1101",
          "time": 3
        },
        {
          "name": "AM-1101",
          "time": 5
        }
      ]
    }
  ]
}
